Consultas principales,Clics,Impresiones,CTR,Posición
archwise,1,39,2.56%,8.77
respuesta arquitectónica coherente,0,53,0%,26.02
augmented development team,0,27,0%,75.81
alteria vs manifest ai,0,21,0%,63.14
space wise arquitectura,0,7,0%,47.29
arquitectura estrategica,0,5,0%,50.8
prompt thinking,0,2,0%,10
modernización de sistemas legacy con ia,0,2,0%,37.5
ai native organization,0,2,0%,69.5
ai-augmented development team,0,2,0%,71
ai-native organization,0,2,0%,73.5
knowledge debt,0,1,0%,1
ai operating model,0,1,0%,3
ai transformation roadmap,0,1,0%,3
no ai sistema,0,1,0%,7
legacy ia,0,1,0%,8
por qué fracasan empresas escalando sistemas de ti,0,1,0%,11
technical debts,0,1,0%,11
memory infrastructure,0,1,0%,12
ai native,0,1,0%,34
creación de activos ai-ready,0,1,0%,35
context engineering,0,1,0%,41
brickwise,0,1,0%,47
modernización legacy con ia,0,1,0%,47
hoja de ruta de transformación con ia,0,1,0%,78