Páginas principales,Clics,Impresiones,CTR,Posición
https://archwise.org/,2,64,3.12%,10.47
https://archwise.org/articulos/ai-ready-systems-vs-legacy-systems,1,49,2.04%,35.43
https://archwise.org/articulos/arquitectura-equipos-virtuales-ia-enterprise,1,26,3.85%,8.77
https://archwise.org/articulos/integracion-coherencia-principio-rector-mecanismo-arquitectonico,0,59,0%,24.02
https://archwise.org/articulos/por-que-el-prompt-engineering-no-es-suficiente-para-construir-sistemas-con-ia,0,53,0%,6.26
https://archwise.org/articulos/ai-augmented-development-teams,0,42,0%,55.5
https://archwise.org/articulos/context-engineering-vs-prompt-engineering,0,36,0%,6.5
https://archwise.org/articulos/arquitectura-vuelve-ser-estrategica,0,26,0%,15.12
https://archwise.org/about,0,25,0%,10.88
https://archwise.org/articulos/technical-debt-vs-knowledge-debt-ia,0,22,0%,8.55
https://archwise.org/articulos/architecture-review-efectiva-ia,0,18,0%,8.06
https://archwise.org/articulos/memory-architecture-contexto-reutilizable-enterprise,0,16,0%,6.62
https://archwise.org/articulos/ai-native-organizations,0,16,0%,28.19
https://archwise.org/articulos/por-que-la-mayoria-de-los-sistemas-no-estan-preparados-para-ia,0,15,0%,7.6
https://archwise.org/framework,0,15,0%,10.07
https://archwise.org/newsletter,0,14,0%,9.57
https://archwise.org/articulos/context-engineering-legacy-ia-falla,0,14,0%,26.71
https://archwise.org/articulos/ai-governance-framework,0,11,0%,7.27
https://archwise.org/articulos/por-que-fracasan-iniciativas-ia,0,10,0%,7.8
https://archwise.org/articulos,0,8,0%,10.88
https://archwise.org/articulos/enterprise-ai-transformation-roadmap,0,8,0%,14.88
https://archwise.org/articulos/framework-archwise-integracion-capacidades-escalar-ia,0,7,0%,5.29
https://archwise.org/articulos/ai-operating-model-enterprise,0,6,0%,5.17
https://archwise.org/articulos/plantillas-ejemplos-architecture-md-enterprise,0,5,0%,5.8
https://archwise.org/articulos/framework-context-engineering-enterprise,0,5,0%,6.4
https://archwise.org/articulos/organizational-memory-activo-ai-native,0,5,0%,7
https://archwise.org/manifesto,0,5,0%,8.4
https://archwise.org/articulos/architecture-governance-contexto-compartido,0,5,0%,9
https://archwise.org/articulos/agentic-ai-enterprise-governance-memoria-arquitectura,0,4,0%,5.5
https://archwise.org/articulos/context-systems-entregar-contexto-correcto-enterprise,0,4,0%,7.25
https://archwise.org/articulos/integridad-secuencia-evaluar-madurez-operativa-evidencia-narrativas,0,4,0%,9.5
https://archwise.org/articulos/architecture-md-vale-mas-que-prompts,0,3,0%,4.67
https://archwise.org/articulos/las-7-caracteristicas-arquitectura-ai-ready,0,2,0%,7
https://archwise.org/articulos/measurement-system-integracion-madurez-operativa,0,2,0%,9.5